,m-ce,nr,nazwiska,wk,okręg,ośrodek,+/-,%,pkl,pdf
0,1,99,Jerzy PalaJan Styczyński,5.05.0,SLLB,KP/353,,66.18,100,1500
1,2,140,Sebastian RawlikDamian Mazurak,5.05.0,LB,LB/429,,65.97,100,1490
2,3,10,Janusz CzerniawskiZbigniew Buciuto,5.03.0,DS,DS/136,,64.6,99,1480
3,4,527,Ryszard SmejdaDamian Wroński,7.011.0,LBZP,ZP/452,,64.47,98,1472
4,5,247,Wojciech SłyszMarek Melsztyński,1.52.0,MA,MA/262,,64.31,97,1466
5,6,495,Stanisław KuleszaSławomir Szczełkun,11.05.0,ZP,ZP/375,,63.9,96,1460
6,7,380,Mieczysław LebieckiHenryk Łakomski,3.012.0,WM,WM/324,,63.9,95,1454
7,8,168,Paweł BabeckiJarosław Malarski,5.03.0,LD,LD/119,,63.66,94,1448
8,9,414,Marek BukowskiKazimierz Lis,5.05.0,WP,WP/120,,63.53,93,1442
9,10,197,Zygmunt RadekZbigniew Ciereszko,5.09.0,LBDS,LU/265,,63.38,92,1436
10,11,248,Jakub BerezaJan Kot,1.51.5,MA,MA/262,,63.35,91,1430
11,12,134,Maciej WierzbickiMirosław Bublewicz,9.011.0,LB,LB/263,,63.3,90,1424
12,13,516,Andrzej JabłońskiJerzy Kullass,5.09.0,ZP,ZP/433,,63.18,89,1418
13,14,534,Przemysław KlęskGrzegorz Adamski,5.05.0,ZP,ZP/452,,63.13,89,1412
14,15,164,Stanisław WiktorskiDariusz Wojtasiak,1.51.0,LD,LD/119,,62.98,88,1406
15,16,64,Bogdan NajmrodzkiJan Rdesiński,9.05.0,KP,KP/125,,62.9,87,1400
16,17,273,Aleksander MarciniakLeszek Pęcherzewski,7.07.0,MA,MA/65,,62.88,86,1394
17,18,116,Mariusz BielskiMariusz Krakowiak,5.05.0,KP,KP/50,,62.77,86,1388
18,19,297,Marian KrasowskiMirosław Morchat,7.05.0,PD,PD/431,,62.41,85,1382
19,20,169,Jarosław CieślakGrzegorz Bajek,19.013.0,DS,LD/257,,62.29,84,1376
20,21,194,Rafał ImielaPiotr Wnuk,5.05.0,LD,LD/48,,62.19,83,1370
21,22,75,Grzegorz PrusakMarek Kaczan,5.05.0,KP,KP/289,,62.12,83,1364
22,23,157,Przemysław WojtczakMarek Marciniak,2.55.0,LB,LB/49,,62.03,82,1358
23,24,349,Piotr KamińskiMaciej Zarębski,5.04.0,SL,SL/106,,61.39,81,1352
24,25,38,Piotr KalinowskiAnna Jankowska,7.04.0,DS,DS/437,,61.37,80,1346
25,26,502,Andrzej WójcikRoman Szlachetka,7.012.0,ZP,ZP/430,,61.33,80,1340
26,27,48,Tadeusz KowalikSławomir Zimniak,5.07.0,DS,DS/72,,60.86,79,1334
27,28,451,Olgierd Rodziewicz-BielewiczEwa Rodziewicz-Bielewicz,13.09.0,WP,WP/439,,60.84,78,1328
28,29,353,Jan PustelnikJerzy Ujma,7.012.0,SL,SL/106,,60.76,77,1322
29,30,426,Piotr SoleckiCezary Kmiecik,7.07.0,WP,WP/293,,60.74,77,1316
30,31,481,Jerzy SadowskiCzesław Wojtaś,12.05.0,ZP,ZP/116,,60.63,76,1310
31,32,131,Andrzej ParmonikAndrzej Rękosiak,7.07.0,LB,LB/263,,60.49,75,1304
32,33,259,Artur DuczmalewskiWaldemar Kałużyński,5.09.0,MA,MA/384,,60.49,74,1298
33,34,396,Edmund ReczugaMirosław Roesler,7.011.0,WM,WM/446,,60.4,74,1292
34,35,93,Krzysztof DzierżakTomasz Jaworski,2.52.0,KP,KP/295,,60.24,73,1286
35,36,472,Krzysztof StaśkiewiczJarosław Marczewski,3.02.5,WP,WP/439,,60.08,72,1280
36,37,348,Jerzy StworzewiczŁukasz Stworzewicz,12.02.5,SL,SL/106,,59.99,71,1274
37,38,39,Marian SzymonowiczStanisław Szuba,11.05.0,DS,DS/437,,59.98,71,1268
38,39,86,Robert KamińskiZbigniew Ehlert,5.05.0,KP,KP/295,,59.73,70,1262
39,40,344,Dominika WołyńskaKrzysztof Mielnik,2.09.0,PM,PM/129,,59.57,69,1256
40,41,224,Jerzy PopowiczAndrzej Parafianowicz,0.00.0,,MA/262,,59.54,68,1250
41,42,28,Samuel BałdyszSophia Bałdysz,7.09.0,DS,DS/437,,59.5,68,1244
42,43,266,Hanna ProbolaArkadiusz Zadworny,3.04.0,MA,MA/384,,59.24,67,1238
43,44,525,Tadeusz KaczanowskiAndrzej Wielowieyski,19.05.0,ZP,ZP/452,,59.19,66,1232
44,45,60,Mariusz WróblewiczMarian Zarembski,2.54.0,KP,KP/125,,59.16,65,1226
45,46,53,Artur WinklerJarosław Molenda,9.09.0,DS,DS/72,,59.09,65,1220
46,47,489,Radosław SzymczakMarcin Wiliński,7.05.0,ZP,ZP/359,,59.04,64,1214
47,48,423,Józef GrewlingJerzy Gurzęda,7.07.0,WP,WP/293,,58.85,63,1208
48,49,246,Witold ŻygulskiPaweł Sierakowski,2.53.0,MA,MA/262,,58.84,63,1202
49,50,147,Grzegorz CieślickiHalina Baran,3.04.0,LB,LB/429,,58.82,62,1196
50,51,433,Ryszard SzamałekWojciech Zimniak,5.05.0,WP,WP/417,,58.78,61,1190
51,52,486,Roman ChmieleckiKazimierz Kłys,2.02.0,ZP,ZP/359,,58.57,60,1185
52,53,448,Marek SzukałaJanusz Zwierzyński,19.012.0,WP,WP/439,,58.22,60,1180
53,54,185,Tomasz RadwańskiJacek Grzelczak,5.013.0,LD,LD/48,,58.18,59,1175
54,55,111,Marian ŚliwińskiWitold Świdziński,2.04.0,KP,KP/353,,58.14,58,1170
55,56,487,Zbigniew LangeRyszard Kirkowski,2.54.0,ZP,ZP/359,,58.06,57,1165
56,57,284,Mieczysław MałekJan Ratajczak,5.04.0,OP,OP/401,,58.02,57,1160
57,58,24,Tadeusz CymbalistaGrzegorz Skowronek,5.03.0,DS,DS/269,,57.99,56,1155
58,59,79,Andrzej NasierowskiTomasz Perduta,0.51.0,KP,KP/295,,57.98,55,1150
59,60,78,Cezary BołądźJerzy Kurzawski,9.07.0,KP,KP/295,,57.91,54,1145
60,61,121,Kazimierz LigęzaBogdan Zieliński,5.05.0,KP,KP/50,,57.9,54,1140
61,62,184,Zbigniew KowalczykMirosław Marszał,2.05.0,LD,LD/48,,57.85,53,1135
62,63,385,Stanisław BaraszkiewiczMarek Słowikowski,2.04.0,WM,WM/324,,57.73,52,1130
63,64,463,Waldemar NowakPrzemysław Nowakowski,4.03.0,WP,WP/439,,57.66,51,1125
64,65,13,Marek CzerniawskiBogumił Wegner,4.012.0,DS,DS/269,,57.54,51,1120
65,66,420,Jolanta ZiętaraRafał Junik,7.07.0,WP,WP/293,,57.43,50,1115
66,67,76,Robert MrukowskiWaldemar Zieliński,7.05.0,KP,KP/289,,57.34,49,1110
67,68,315,Antoni SękowskiTomasz Patalan,18.05.0,PM,PM/102,,57.32,48,1105
68,69,104,Elżbieta KupczykBogumił Kupczyk,2.55.0,KP,KP/353,,57.26,48,1100
69,70,470,Jerzy RoszakPrzemysław Hauser,9.09.0,WP,WP/439,,57.25,47,1095
70,71,96,Julian JurskiJerzy Misiórski,11.09.0,KP,KP/295,,57.21,46,1090
71,72,285,Dariusz ZbiegJacek Mazurkiewicz,5.04.0,OP,OP/401,,57.15,45,1085
72,73,428,Andrzej ChudyMarek Piechociński,4.05.0,WP,WP/417,,57.14,45,1080
73,74,375,Janusz TchórzewskiMarek Lichocki,2.512.0,WM,WM/132,,57.13,44,1075
74,75,462,Leszek RosochowiczWojciech Robiński,5.05.0,WP,WP/439,,57.09,43,1070
75,76,223,Henryk OsińskiStanisław Turlej,2.02.0,MA,MA/262,,57.09,42,1065
76,77,373,Aleksander CydejkoJan Stańczak,5.09.0,WM,WM/132,,57.05,42,1060
77,78,454,Jakub PiłatSzymon Graś,2.02.5,WP,WP/439,,57.04,41,1055
78,79,221,Piotr DuszakBartosz Ćwiek,2.53.0,MA,MA/126,,56.94,40,1050
79,80,532,Ryszard KłosińskiAleksander Swatler,7.013.0,ZP,ZP/452,,56.94,39,1045
80,81,225,Marek SzakunPiotr Skowroński,4.01.5,MA,MA/262,,56.94,39,1040
81,82,478,Janusz LinkiewiczLech Sulżycki,5.07.0,ZP,ZP/116,,56.87,38,1035
82,83,378,Marian LemechaWłodzimierz Sieniuszko,1.52.0,WM,WM/324,,56.83,37,1030
83,84,443,Marek DomagałaJarosław Lubczyński,5.05.0,WP,WP/439,,56.82,36,1025
84,85,21,Remigiusz MincgerRyszard Rączkowski,2.54.0,DS,DS/269,,56.81,36,1020
85,86,174,Jerzy RonkeAndrzej Kozikowski,13.015.0,LD,LD/257,,56.75,35,1015
86,87,484,Zdzisław MichalskiMariusz Wierzchowski,4.03.0,ZP,ZP/359,,56.63,34,1010
87,88,139,Sławomir DrewalskiSebastian Simonienko,4.05.0,LB,LB/429,,56.6,33,1005
88,89,365,Krzysztof NagielskiJan Janiak,9.07.0,WM,WM/132,,56.6,33,1000
89,90,301,Dominik MagryśTomasz Magryś,2.53.0,PK,PK/118,,56.46,32,995
90,91,204,Wiesław PawelecDariusz Serafin,5.04.0,LU,LU/96,,56.38,31,990
91,92,362,Jacek CholewikAdrian Bakalarz,9.07.0,SL,SL/106,,56.33,30,985
92,93,468,Beata BojarskaMichał Pabich,5.04.0,WP,WP/439,,56.29,30,980
93,94,283,Longin BartnikLeszek Tarnogrodzki,7.03.0,OP,OP/401,,56.29,29,975
94,95,394,Lech GrabskiTomasz Sinkiewicz,7.07.0,WM,WM/446,,56.2,28,970
95,96,156,Krzysztof TumielewiczZbigniew Przybylski,9.07.0,LB,LB/49,,56.17,28,965
96,97,392,Mirosław MakuchTomasz Stopierzyński,4.05.0,WM,WM/446,,56.11,27,960
97,98,330,Antoni BylińskiSzymon Jędrzejewski,1.51.5,PM,PM/102,,56.09,26,955
98,99,311,Bogusław KruczekMariusz Kozaczyński,11.07.0,PK,PK/118,,56.01,25,950
99,100,123,Roman WachowiakWiesław Paczkowski,18.07.0,KP,KP/50,,56.0,25,945
100,101,209,Andrzej PotrzyszczPiotr Zawiślak,7.05.0,LU,LU/96,,55.94,24,940
101,102,390,Ireneusz JagielskiJanusz Wróblewski,7.09.0,WM,WM/446,,55.94,23,935
102,103,514,Wiesław WójcikJanusz Piłat,0.00.0,ZP,ZP/433,,55.93,22,930
103,104,108,Eugeniusz ChudzińskiJerzy Rudziński,3.02.0,KP,KP/353,,55.86,22,925
104,105,105,Piotr IwanusKazimierz Buchalski,5.02.5,KP,KP/353,,55.83,21,920
105,106,239,Krzysztof StefaniakGrażyna Jaskulska,2.52.5,MA,MA/262,,55.74,20,915
106,107,70,Andrzej GrelaJarosław Łakomy,9.07.0,KP,KP/289,,55.71,20,910
107,108,115,Robert RychlickiGrzegorz Rojewski,5.013.0,KP,KP/50,,55.68,20,905
108,109,252,Dariusz BiedrzyckiRadosław Jaszczak,7.01.5,MA,MA/321,,55.63,20,900
109,110,517,Krzysztof LipowskiBogdan Trun,5.05.0,ZP,ZP/433,,55.57,20,895
110,111,129,Zenon BiczkowskiAndrzej Drzewiecki,5.05.0,KP,KP/50,,55.41,20,890
111,112,250,Grzegorz LeśniewskiKarol Konopko,1.52.5,MA,MA/262,,55.41,20,885
112,113,268,Dariusz KrajewskiLeszek Łuniewski,13.012.0,MA,MA/65,,55.39,20,880
113,114,427,Maciej SzczepańskiMaciej Młynarczyk,3.05.0,WP,WP/417,,55.39,19,875
114,115,254,Wojciech PalmowskiAdam Karczmarz,9.07.0,MAPD,MA/321,,55.37,19,870
115,116,493,Łukasz SzczełkunDariusz Piątek,4.04.0,ZP,ZP/375,,55.33,19,865
116,117,413,Łukasz LisMaria Kowal,3.02.0,WP,WP/120,,55.32,19,860
117,118,188,Andrzej KaźmierczakArkadiusz Gotwald,7.04.0,LD,LD/48,,55.31,19,855
118,119,328,Martyna SmoleńJan Łuczeczko,2.02.0,PM,PM/102,,55.23,19,850
119,120,137,Stanisław OwczarskiKazimierz Kuczyński,12.05.0,LB,LB/263,,55.23,19,845
120,121,253,Andrzej NiewiadomskiZbigniew Garlej,5.04.0,MA,MA/321,,55.22,19,840
121,122,1,Eugeniusz SoińskiEdward Szafraniec,5.011.0,DS,DS/136,,55.17,18,835
122,123,216,Magdalena CzajkowskaRobert Chmielak,2.57.0,MA,MA/126,,55.16,18,830
123,124,218,Ewa WawrowskaBogusław Pawszak,2.012.0,MA,MA/126,,55.14,18,825
124,125,324,Ryszard KamińskiJacek Trętowski,4.04.0,PMWM,PM/102,,55.1,18,820
125,126,352,Roman PuzońJózef Chowaniec,1.00.0,SL,SL/106,,55.0,18,815
126,127,296,Andrzej BłachnoStefan Kopyt,5.05.0,PD,PD/431,,54.99,18,810
127,128,124,Jerzy RosenthalMichał Dolny,4.03.0,KP,KP/50,,54.99,18,805
128,129,202,Lech JaworskiWiesław Wiśniewski,3.05.0,LB,LU/265,,54.97,17,800
129,130,66,Ziemowit BrzykcyKrzysztof Popczyński,5.05.0,KP,KP/125,,54.91,17,795
130,131,9,Sylwia Zabłocka-ŚledzkaDarek Dworzyński,1.51.5,DS,DS/136,,54.91,17,790
131,132,511,Kazimierz ŻmiejkoKrzysztof Stec,1.01.0,ZP,ZP/433,,54.89,17,785
132,133,242,Irena PruszkoRafał Mania,2.00.0,MA,MA/262,,54.76,17,780
133,134,421,Waldemar PawłowskiTadeusz Osowski,0.00.5,WP,WP/293,,54.74,17,775
134,135,501,Cezary KawiakMieczysław Rogowski,5.05.0,ZP,ZP/430,,54.68,17,770
135,136,295,Mieczysław KudźmaRobert Kicior,5.02.5,PD,PD/431,,54.61,17,766
136,137,453,Andrzej KędzierskiGrzegorz Proniewicz,5.04.0,LB,WP/439,,54.57,16,762
137,138,220,Tomasz PaluchowskiIreneusz Grynczewski,13.07.0,MA,MA/126,,54.54,16,758
138,139,346,Marek ParolMaria Tomczewska,4.07.0,PM,PM/129,,54.49,16,754
139,140,503,Marian SiwyBogdan Świadek,11.02.5,ZP,ZP/430,,54.44,16,750
140,141,507,Bogdan LipińskiMariusz Trukawka,1.50.5,ZP,ZP/433,,54.41,16,746
141,142,85,Andrzej ArcimowiczTeresa Arcimowicz,0.00.0,,KP/295,,54.4,16,742
142,143,50,Wiesław OgrodnikTadeusz Pogwizd,5.05.0,DS,DS/72,,54.37,16,738
143,144,17,Stanisław BorowiecJerzy Poznar,4.05.0,DS,DS/269,,54.32,16,734
144,145,208,Andrzej SzczepaniakJarosław Ostrowski,5.04.0,LU,LU/96,,54.3,15,730
145,146,5,Lesław CegielStanisław Janiak,4.05.0,DS,DS/136,,54.15,15,726
146,147,310,Jacek SzczerbaRobert Kwiatkowski,5.04.0,MPPK,PK/118,,54.14,15,722
147,148,351,Tomasz KłysTadeusz Nędzi,7.07.0,SL,SL/106,,54.13,15,718
148,149,127,Marek BałabuchPiotr Zalcman,3.03.0,KP,KP/50,,54.09,15,714
149,150,441,Stanisław ZakrzewskiEdward Niewierowski,17.011.0,WP,WP/439,,54.05,15,710
150,151,269,Grzegorz ZgorzelskiAdam Amrozy,4.04.0,MA,MA/65,,54.01,15,706
151,152,457,Adam PeszkeKatarzyna Stachowiak,5.01.5,WP,WP/439,,54.01,15,702
152,153,338,Artur ToeplitzRobert Czarnecki,7.05.0,PM,PM/102,,53.95,14,698
153,154,77,Krzysztof BonowiczJacek Kostrzewski,2.52.5,KP,KP/295,,53.92,14,694
154,155,482,Witold MateńkoTadeusz Mediuch,4.00.5,ZP,ZP/116,,53.81,14,690
155,156,313,Przemysław ZawadaRoman Opaliński,21.018.0,SWPK,PK/118,,53.77,14,686
156,157,435,Jan AdamczewskiRoman Kujawski,11.012.0,WP,WP/417,,53.75,14,682
157,158,321,Witold KalińskiDanuta Żabicka,12.07.0,PM,PM/102,,53.73,14,678
158,159,183,Karol KałuzińskiAdam Motyka,7.05.0,LD,LD/48,,53.73,14,674
159,160,189,Teresa PudelewiczDariusz Kardas,5.011.0,LD,LD/48,,53.72,14,670
160,161,26,Marek BałdyszFranciszek Zarzecki,13.015.0,DS,DS/437,,53.71,13,666
161,162,279,Jerzy WróbelZbigniew Kowalczyk,3.05.0,OP,OP/401,,53.68,13,662
162,163,234,Rafał WośPaweł Mańkowski,0.00.0,,MA/262,,53.66,13,658
163,164,476,Sławomir PiechockiTomasz Wasilewski,11.07.0,WPLB,WP/439,,53.64,13,654
164,165,29,Janusz DrozdowskiKrzysztof Obłój,12.05.0,DS,DS/437,,53.63,13,650
165,166,342,Ryszard KonopkaBogusław Dyk,12.012.0,PM,PM/129,,53.54,13,646
166,167,412,Roman KowalTadeusz Smurawa,1.53.0,WP,WP/120,,53.53,13,642
167,168,367,Zdzisław HartwigDariusz Łuczak,2.05.0,WM,WM/132,,53.47,13,638
168,169,405,Bernard PszczołaPiotr Mazur,11.05.0,WM,WM/446,,53.47,12,634
169,170,34,Stanisław WachelAleksander Skorupa,7.05.0,DS,DS/437,,53.42,12,630
170,171,354,Kazimierz LichawskiKazimierz Cios,13.011.0,SL,SL/106,,53.4,12,626
171,172,203,Dariusz SarzyńskiZdzisław Senderek,1.52.5,LU,LU/96,,53.34,12,622
172,173,2,Ewa MiakiszEwa Lis-Nazaruk,2.54.0,DS,DS/136,,53.27,12,618
173,174,445,Bogdan ŚwiątekJan Borychowski,12.013.0,WP,WP/439,,53.23,12,614
174,175,513,Sławomir JamkaWiesław Sirman,2.53.0,ZP,ZP/433,,53.2,12,610
175,176,6,Ryszard JuchaZbigniew Matyjaszczuk,1.51.5,DS,DS/136,,53.18,11,606
176,177,61,Aleksandra GranowskaWłodzimierz Heymann,3.04.0,KP,KP/125,,53.14,11,602
177,178,357,Jacek SzczerbowskiJerzy Skwark,9.015.0,SL,SL/106,,53.14,11,598
178,179,43,Lech WarężakPiotr Klubiński,11.011.0,DS,DS/437,,53.13,11,594
179,180,417,Radzisław OczkowiczRomuald Bartoszko,5.05.0,WP,WP/293,,53.08,11,590
180,181,334,Andrzej JarząbkowskiJacek Sikora,1.57.0,PM,PM/102,,52.99,11,586
181,182,170,Cezary KanarZdzisław Stoszek,5.03.0,LD,LD/257,,52.97,11,582
182,183,231,Magdalena JudekNatalia Węgleńska,1.51.5,MA,MA/262,,52.95,11,578
183,184,347,Dariusz SzatanAgata Szatan,2.52.5,SL,SL/106,,52.94,10,574
184,185,372,Zbigniew KrzepkowskiStanisław Charun,5.03.0,WM,WM/132,,52.9,10,570
185,186,44,Artur WójcikAndrzej Aleksandrzak,12.015.0,WP,DS/437,,52.87,10,566
186,187,325,Jacek PiotrowskiWaldemar Warzała,12.012.0,PM,PM/102,,52.85,10,562
187,188,211,Jerzy JasińskiGabriel Szarafin,4.05.0,LU,LU/96,,52.85,10,558
188,189,173,Włodzimierz ChoinkowskiWaldemar Górski,7.05.0,LD,LD/257,,52.79,10,554
189,190,404,Krzysztof MichalczykMirosław Zomkowski,12.011.0,WM,WM/446,,52.75,10,550
190,191,125,Małgorzata Bajerska-WasiliusLech Łaniewski,2.513.0,KP,KP/50,,52.66,10,546
191,192,270,Maciej WiącekDanuta Krupnik,12.07.0,MA,MA/65,,52.65,9,542
192,193,19,Wojciech RaczyńskiJerzy Zatorski,3.04.0,DS,DS/269,,52.64,9,538
193,194,388,Wiesław PietrzakZenon Wawer,5.05.0,WM,WM/324,,52.54,9,534
194,195,82,Jan SiwczyńskiMirosław Derwojed,2.52.5,KP,KP/295,,52.53,9,530
195,196,36,Andrzej LitwińskiLech Kostecki,5.05.0,DS,DS/437,,52.48,9,526
196,197,403,Marek KlepackiKrzysztof Pakuła,7.09.0,WM,WM/446,,52.41,9,522
197,198,122,Krzysztof RuprikAdam Kozłowski,1.54.0,KP,KP/50,,52.3,9,518
198,199,41,Anna NapierajczykRemigiusz Kaźmierczak,0.05.0,DS,DS/437,,52.29,9,514
199,200,152,Marek MatwijewiczPaweł Pietrażycki,4.05.0,LB,LB/49,,52.28,8,510
200,201,95,Jerzy JankowskiMarek Farbiszewski,1.51.5,KP,KP/295,,52.27,8,506
201,202,522,Zdzisław PleskotRobert Lewandowski,11.03.0,ZP,ZP/452,,52.18,8,502
202,203,205,Mieczysław BuczekJan Czarniecki,4.04.0,LU,LU/96,,52.13,8,498
203,204,230,Marek LenartAnna Smoluchowska,2.52.0,MA,MA/262,,52.11,8,494
204,205,51,Eugeniusz MałeckiJerzy Cychowski,5.05.0,DS,DS/72,,52.09,8,490
205,206,535,Waldemar MikuckiGrzegorz Rybacki,9.07.0,ZP,ZP/452,,52.08,8,486
206,207,319,Andrzej OsińskiMirosław Giełczyński,3.02.0,PM,PM/102,,52.08,8,482
207,208,143,Ryszard SakowiczKrzysztof Rogoziński,18.012.0,LULB,LB/429,,52.06,7,478
208,209,439,Marek WojciechowskiLeszek Ernst,9.03.0,WP,WP/417,,52.02,7,474
209,210,530,Robert ZaciuraRobert Cylwik,4.07.0,ZP,ZP/452,,51.98,7,470
210,211,133,Arkadiusz JaranowskiŁukasz Frąckowiak,4.03.0,LB,LB/263,,51.95,7,466
211,212,217,Małgorzata BudułaRafał Przybysz,3.03.0,MA,MA/126,,51.94,7,462
212,213,406,Józefa KrzemieńskaWiesław Krzemieński,5.012.0,WM,WM/446,,51.85,7,458
213,214,395,Iwona PuczyłowskaMarek Nasiłowski,3.03.0,WM,WM/446,,51.81,7,454
214,215,159,Mirosław AndrzejczakKrzysztof Majkowski,4.05.0,LD,LD/119,,51.74,7,450
215,216,389,Tomasz LisicaJan Rogowski,7.018.0,WM,WM/446,,51.62,6,446
216,217,318,Jerzy KajzerWiesława Kasperek,5.05.0,PM,PM/102,,51.6,6,442
217,218,341,Krzysztof MaterekKrzysztof Boniek,3.02.0,PM,PM/129,,51.56,6,438
218,219,73,Eugeniusz JaworskiJan Szczepański,2.00.0,KP,KP/289,,51.55,6,434
219,220,429,Leszek NowakowskiLeszek Karwasiński,2.54.0,WP,WP/417,,51.53,6,430
220,221,407,Marek JuszczakGrzegorz Samol,5.05.0,WP,WP/120,,51.46,6,426
221,222,238,Katarzyna KumelaMirosława Swoboda,2.02.5,MA,MA/262,,51.43,6,422
222,223,504,Lechosław BłazińskiDanuta Dudzik,12.01.0,ZP,ZP/430,,51.41,5,418
223,224,291,Leszek KlimaEdward Kowalczyk,0.04.0,PD,PD/431,,51.41,5,414
224,225,512,Andrzej PożerskiWaldemar Wochna,5.05.0,ZP,ZP/433,,51.34,5,410
225,226,87,Krzysztof KacprowiczAndrzej Ciechacki,0.02.5,KP,KP/295,,51.27,5,406
226,227,384,Piotr RzeszotAleksander Iwaniuk,0.00.0,NZ,WM/324,,51.26,5,402
227,228,293,Halina PerkowskaJerzy Firs,2.02.0,PD,PD/431,,51.19,5,398
228,229,360,Maximilian SzemikBogusław Jarosz,2.52.0,SL,SL/106,,51.14,5,394
229,230,397,Zdzisław FalkowskiPaweł Abramski,5.05.0,WM,WM/446,,51.13,5,390
230,231,241,Wiesław ZwierzyńskiDorota Zwierzyńska,0.50.5,MA,MA/262,,51.13,4,386
231,232,176,Wiesław GotowickiAndrzej Piętak,3.03.0,LD,LD/257,,51.1,4,382
232,233,88,Adam SeichterEugeniusz Seichter,3.012.0,KP,KP/295,,51.04,4,378
233,234,524,Julian PisarekMarek Siech,13.05.0,ZP,ZP/452,,51.02,4,374
234,235,40,Adam MarcinowskiMałgorzata Turska-Marcinowska,9.09.0,DS,DS/437,,51.01,4,370
235,236,278,Gerard SzwedaJanusz Struzik,4.02.0,OP,OP/401,,50.98,4,366
236,237,459,Ewa KnapikHenryk Duszyński,5.05.0,WP,WP/439,,50.98,4,362
237,238,163,Adam PawłowskiLech Warwocki,13.09.0,LD,LD/119,,50.97,4,358
238,239,45,Ryszard MakuchBronisław Tabisz,5.04.0,DS,DS/72,,50.97,3,354
239,240,277,Krystyna WąchałaRoman Wąchała,2.52.5,OP,OP/401,,50.95,3,350
240,241,306,Tadeusz SzemrajHieronim Furman,5.09.0,PK,PK/118,,50.95,3,346
241,242,107,Józef AdamskiZbigniew Rychlik,5.05.0,KP,KP/353,,50.94,3,342
242,243,363,Ryszard PichlaJerzy Sukow,7.012.0,WM,WM/132,,50.87,3,338
243,244,213,Krzysztof KobylińskiMaciej Kalita,11.05.0,MAOP,MA/126,,50.86,3,334
244,245,177,Jerzy MarkowskiZenon Darmaszek,5.04.0,LD,LD/257,,50.83,3,330
245,246,437,Wojciech KusZbigniew Marciniak,4.05.0,WP,WP/417,,50.82,3,326
246,247,508,Dariusz GłowińskiWładysław Kucenko,3.05.0,ZP,ZP/433,,50.81,2,322
247,248,401,Krzysztof TrunowiczTomasz Kuś,2.55.0,WM,WM/446,,50.8,2,318
248,249,110,Zbigniew SowińskiKazimierz Namysł,0.54.0,KP,KP/353,,50.74,2,314
249,250,326,Marek KryniewskiZenon Betański,5.05.0,PM,PM/102,,50.74,2,310
250,251,431,Rafał MikołajczakJanusz Reisner,3.04.0,LBWP,WP/417,,50.74,2,306
251,252,333,Marek BednarczykKazimierz Dominiak,3.09.0,PM,PM/102,,50.69,2,302
252,253,316,Robert KrawczykKrzysztof Przybielski,5.04.0,PM,PM/102,,50.67,2,298
253,254,400,Adolf BocheńskiWiesław Podlecki,13.03.0,WM,WM/446,,50.66,2,294
254,255,11,Zbigniew BobakStefan Małowiecki,4.04.0,DS,DS/136,,50.66,1,290
255,256,329,Aleksander ChrenowskiWładysław Łobacz,13.04.0,PM,PM/102,,50.59,1,286
256,257,327,Kazimierz WołowiecKazimierz Gralak,5.018.0,PM,PM/102,,50.55,1,282
257,258,304,Aleksander KudDariusz Kulpiński,12.09.0,LBPK,PK/118,,50.53,1,278
258,259,307,Waldemar KaszubaTadeusz Przybyło,4.09.0,PK,PK/118,,50.52,1,274
259,260,320,Marta JaneczekAndrzej Bunikowski,11.018.0,PM,PM/102,,50.47,1,270
260,261,491,Aleksander KaźmierskiSabina Kaźmierska,11.09.0,ZP,ZP/359,,50.42,1,266
261,262,305,Jerzy RybarskiPiotr Szewczyk,3.02.5,PKMP,PK/118,,50.38,1,261
262,263,235,Wojciech GajzlerDariusz Krakowiak,1.54.0,MA,MA/262,,50.34,1,260
263,264,379,Mirosław GrodzkiJan Jegliński,5.05.0,WM,WM/324,,50.29,1,259
264,265,54,Sławomir BogdanowiczJerzy Kurianowicz,4.05.0,DS,DS/72,,50.24,1,258
265,266,201,Józef SikoraTadeusz Lisiecki,5.02.5,LB,LU/265,,50.16,1,257
266,267,80,Mirosław JackiewiczJanusz Chojnowski,1.51.5,KP,KP/295,,50.09,1,256
267,268,322,Edmund PinkiewiczJacek Lew,12.015.0,PM,PM/102,,49.99,1,255
268,269,374,Robert GradJan Chodkiewicz,4.05.0,WM,WM/132,,49.98,1,254
269,270,196,Emilia SzajowskaTomasz Zarębski,2.53.0,LB,LU/265,,49.93,1,253
270,271,42,Janusz StaniówMaciej Grodzki,5.05.0,DS,DS/437,,49.81,1,252
271,272,179,Maciej SzalewiczRoman Supeł,4.05.0,LD,LD/257,,49.78,1,251
272,273,172,Alfred KramMirosław Staszewski,5.05.0,LD,LD/257,,49.76,1,250
273,274,151,Wiesław ŻegilewiczBogusław Mazierski,12.03.0,LB,LB/49,,49.67,1,249
274,275,499,Zbigniew WiśniewskiTadeusz Czajka,3.02.5,ZP,ZP/375,,49.66,1,248
275,276,450,Michał DembińskiEwa Morawska,12.03.0,WP,WP/439,,49.62,1,247
276,277,430,Franciszek SzkudlarekAdam Kozłowski,2.012.0,KPWP,WP/417,,49.58,1,246
277,278,449,Radosław SpychalskiAneta Klaczyńska,0.01.5,WPLB,WP/439,,49.52,1,245
278,279,260,Janusz KrólikowskiMirosław Zawiślak,4.03.0,MA,MA/384,,49.33,1,244
279,280,240,Piotr PiątkiewiczMariola Miklaszewska,2.02.5,MA,MA/262,,49.29,1,243
280,281,130,Halina PientkaJózef Palewicz,2.55.0,KP,KP/50,,49.23,1,242
281,282,434,Robert GóralczykPiotr Serkowski,2.51.5,WP,WP/417,,49.23,1,241
282,283,309,Dominik PuchałaJerzy Puchała,2.07.0,PK,PK/118,,49.17,1,240
283,284,256,Jerzy PlichtowiczJerzy Sadowski,4.05.0,MA,MA/321,,49.15,1,239
284,285,210,Wiesław TeresińskiJerzy Grela,5.01.5,LU,LU/96,,49.12,1,238
285,286,198,Krzysztof BorowikHenryk Choiński,1.53.0,LB,LU/265,,49.09,1,237
286,287,22,Piotr BirowskiAndrzej Janiak,2.53.0,DS,DS/269,,49.08,1,236
287,288,91,Adam GrzonaZbigniew Łuczak,0.00.0,KP,KP/295,,49.06,1,235
288,289,425,Wiesław HilbrechtJarosław Hilbrecht,5.07.0,WP,WP/293,,49.06,1,234
289,290,100,Sylwia SzczepańskaJarosław Wojnowski,1.52.0,KP,KP/353,,49.05,1,233
290,291,103,Danuta IwanusAndrzej Michalski,2.00.0,KP,KP/353,,49.05,1,232
291,292,18,Jerzy ChopcianGrzegorz Czapulak,0.55.0,DS,DS/269,,49.04,1,231
292,293,466,John CatlowMałgorzata Augustyn,4.03.0,WP,WP/439,,48.98,1,230
293,294,442,Ryszard NowickiAndrzej Dymek,5.05.0,WP,WP/439,,48.96,1,229
294,295,264,Arkadiusz WódkowskiDariusz Kłodos,3.03.0,MA,MA/384,,48.96,1,228
295,296,340,Grzegorz GanKazimierz Zelga,4.011.0,PM,PM/129,,48.95,1,227
296,297,114,Ewa PowałaSławomir Powała,0.00.0,KP,KP/50,,48.93,1,226
297,298,473,Marcin BonawenturczakPiotr Surdyk,2.54.0,WP,WP/439,,48.93,1,225
298,299,228,Michał PawlakPaweł Orłowski,1.00.0,MA,MA/262,,48.88,1,224
299,300,229,Anna HinckfussLeszek Niemyjski,0.00.0,,MA/262,,48.85,1,223
300,301,415,Bogusław BarańskiMarta Smętek,4.01.5,WP,WP/120,,48.8,1,222
301,302,56,Marian KupnickiZdzisław Patreuha,17.05.0,KPDS,DS/72,,48.76,1,221
302,303,455,Andrzej DachteraAndrzej Grześko,2.02.0,WP,WP/439,,48.75,1,220
303,304,142,Andrzej DudkiewiczStanisław Gorzelak,2.50.0,LB,LB/429,,48.74,1,219
304,305,368,Robert ButaJan Smolarek,1.03.0,WM,WM/132,,48.73,1,218
305,306,30,Bohdan MazurJanusz Pawlicki,13.07.0,DS,DS/437,,48.7,1,217
306,307,267,Kazimierz FalkowskiRoman Kiełkiewicz,5.05.0,MA,MA/65,,48.67,1,216
307,308,531,Waldemar KrychGrzegorz Niewiarowski,4.03.0,ZP,ZP/452,,48.65,1,215
308,309,323,Leszek SzkudlarekWłodzimierz Kocoń,9.05.0,PM,PM/102,,48.62,1,214
309,310,161,Ryszard MarasJerzy Mierzejewski,4.02.5,LD,LD/119,,48.61,1,213
310,311,533,Krzysztof LubkowskiMirosław Stelmaszyk,2.53.0,ZP,ZP/452,,48.6,1,212
311,312,119,Lech KobajłoAndrzej Karczewski,1.54.0,KP,KP/50,,48.55,1,211
312,313,232,Waldemar WieremiejczykJan Jaworski,2.01.5,MA,MA/262,,48.49,1,210
313,314,465,Małgorzata WęglewskaMaciej Cieślukowski,2.50.5,WP,WP/439,,48.34,1,209
314,315,255,Anna AndrejczykGrzegorz Andrejczyk,3.03.0,MA,MA/321,,48.32,1,208
315,316,303,Stanisław DrobotTomasz Jędrzejek,9.05.0,PK,PK/118,,48.32,1,207
316,317,299,Sławomir JuchnickiAnna Tompolska,5.04.0,PD,PD/431,,48.31,1,206
317,318,410,Zbigniew GeislerWaldemar Pałka,4.03.0,WP,WP/120,,48.3,1,205
318,319,274,Eliza GardzińskaWojciech Gardziński,2.52.5,MA,MA/65,,48.23,1,204
319,320,180,Sylwester SokółPiotr Trębski,5.03.0,LDMA,LD/257,,48.23,1,203
320,321,20,Roman SiwiecTymoteusz Zaborowski,3.01.5,DS,DS/269,,48.22,1,202
321,322,287,Janusz SztolcZbigniew Orliński,2.52.0,OP,OP/401,,48.2,1,201
322,323,370,Regina WołekAndrzej Szyc,3.01.5,WM,WM/132,,48.18,1,200
323,324,294,Ireneusz TurykWłodzimierz Misiaszek,2.00.5,PD,PD/431,,48.16,1,199
324,325,257,Paweł WróblewskiGrzegorz Nowiński,3.03.0,MA,MA/321,,48.12,1,198
325,326,47,Albina SuderRyszard Suder,3.03.0,DS,DS/72,,48.03,1,197
326,327,312,Andrzej KulasaGrzegorz Rusinek,3.03.0,PK,PK/118,,48.02,1,196
327,328,461,Justyna ŁaniewskaAndrzej Gintrowicz,2.52.5,WP,WP/439,,48.0,1,195
328,329,523,Zbigniew LasockiJacek Batóg,12.07.0,ZP,ZP/452,,47.99,1,194
329,330,292,Stanisław NiedźwieckiHenryk Stecewicz,0.53.0,PD,PD/431,,47.98,1,193
330,331,336,Andrzej PellaMarek Fijałkowski,4.02.5,PM,PM/102,,47.94,1,192
331,332,275,Bolesław KrzewskiRafał Maszenda,9.05.0,MA,MA/65,,47.93,1,191
332,333,261,Dariusz SierockiGenowefa Sierocka,9.01.0,MA,MA/384,,47.87,1,190
333,334,302,Józef WronaWładysław Chodziński,5.07.0,PK,PK/118,,47.86,1,189
334,335,146,Łukasz WieczorekBartosz Gajewski,3.05.0,LB,LB/429,,47.85,1,188
335,336,458,Jerzy RodziewiczJanusz Suszczyński,5.05.0,WP,WP/439,,47.82,1,187
336,337,300,Benon ŻukowskiArtur Kozłowski,1.51.5,PD,PD/431,,47.82,1,186
337,338,215,Irena ChodorowskaJan Chodorowski,18.018.0,MA,MA/126,,47.79,1,185
338,339,251,Kazimierz DobrzynieckiWojciech Adamkiewicz,5.04.0,MAPD,MA/321,,47.69,1,184
339,340,515,Przemysław StefanowskiJarosław Kuźba,0.53.0,ZP,ZP/433,,47.69,1,183
340,341,182,Ireneusz LiberadzkiKrzysztof Pietruszka,2.53.0,MA,LD/257,,47.69,1,182
341,342,49,Ewa SokolińskaJanusz Kozioł,2.02.5,DS,DS/72,,47.67,1,181
342,343,68,Bartłomiej PałubickiMarceli Pluciński,1.50.5,KP,KP/125,,47.65,1,180
343,344,422,Jerzy StypińskiTomasz Solarski,4.04.0,WP,WP/293,,47.58,1,179
344,345,16,Józef GrybelAdam Szewczak,4.02.5,DS,DS/269,,47.56,1,178
345,346,483,Wiktor SzłapackiDanuta Mazalewska,0.00.0,,ZP/359,,47.52,1,177
346,347,456,Katarzyna Żabicka-BajonPaweł Biś,2.02.5,WP,WP/439,,47.5,1,176
347,348,376,Janusz PreisnerDariusz Romejko,1.01.0,WM,WM/132,,47.32,1,175
348,349,175,Bolesław CichockiTadeusz Ciechanowski,7.05.0,LD,LD/257,,47.28,1,174
349,350,485,Wiesław AdamowiczJerzy Czeszewski,3.05.0,ZP,ZP/359,,47.28,1,173
350,351,15,Leszek JarząbZbigniew Szanduła,1.03.0,DS,DS/269,,47.19,1,172
351,352,469,Bogna LatowskaRoman Wojciechowski,2.02.0,WP,WP/439,,47.17,1,171
352,353,154,Marek KowalskiAndrzej Pawlik,1.01.5,LB,LB/49,,47.15,1,170
353,354,35,Jerzy GładyszMariusz Kowalczyk,12.07.0,DS,DS/437,,47.13,1,169
354,355,191,Kazimierz DróżdżMarcin Mazerant,3.00.5,LD,LD/48,,47.13,1,168
355,356,520,Jan ChmielewskiJanusz Wierucki,7.07.0,ZP,ZP/433,,47.09,1,167
356,357,364,Zbigniew SamborskiMarek Serdyński,2.02.5,WM,WM/132,,47.06,1,166
357,358,494,Gerard WentaLucjan Buława,1.02.5,ZP,ZP/375,,47.05,1,165
358,359,52,Marek KwaśniakDorota Kwintkiewicz,1.03.0,DS,DS/72,,47.0,1,164
359,360,496,Tadeusz LeszczyńskiSławomir Wojtyłko,5.03.0,ZP,ZP/375,,46.97,1,163
360,361,265,Paweł LasotaStefan Jakubowski,3.04.0,MA,MA/384,,46.85,1,162
361,362,58,Alina MajchrzakJan Nowakowski,0.01.5,KP,KP/125,,46.83,1,161
362,363,3,Józef KrasowskiSylwester Gołdyn,3.03.0,DS,DS/136,,46.8,1,160
363,364,226,Marek ZgorzałekWaldemar Kierski,0.50.5,MA,MA/262,,46.79,1,159
364,365,153,Czesław SzymańskiStanisław Kuźmicz,3.00.0,LBWP,LB/49,,46.78,1,158
365,366,290,Robert DominkiewiczEdyta Dominkiewicz,2.01.5,PD,PD/431,,46.73,1,157
366,367,62,Krzysztof DembekWłodzimierz Suchodolski,1.01.5,KP,KP/125,,46.71,1,156
367,368,317,Remigiusz GóralczykPaweł Gruszczyński,5.07.0,ZPWP,PM/102,,46.7,1,155
368,369,498,Adam MichalczykJan Damazyn,1.52.5,ZP,ZP/375,,46.69,1,154
369,370,89,Przemysław KitaEwa Kita,3.03.0,KP,KP/295,,46.56,1,153
370,371,272,Piotr UrbańskiKrzysztof Wośkowiak,4.07.0,MA,MA/65,,46.54,1,152
371,372,345,Wojciech WojsaWojciech Lewandowski,1.04.0,MAPM,PM/129,,46.42,1,151
372,373,500,Wojciech WitkowskiKrzysztof Małolepszy,4.04.0,ZP,ZP/375,,46.34,1,150
373,374,464,Paweł FiebigPaweł Marek,4.05.0,WP,WP/439,,46.26,1,149
374,375,314,Leszek JaroszMarcin Dziuba,5.01.5,PK,PK/118,,46.26,1,148
375,376,160,Zdzisław MajerWaldemar Brzozowski,3.04.0,LD,LD/119,,46.22,1,147
376,377,63,Roman GrabowskiBenedykt Mieszczak,3.04.0,KP,KP/125,,46.21,1,146
377,378,81,Krzysztof KochanowskiJoanna Kochanowska,0.00.0,KP,KP/295,,46.15,1,145
378,379,237,Tomasz KalinowskiMirosław Rożek,1.51.5,MA,MA/262,,46.13,1,144
379,380,55,Wojciech SękowskiMarek Drecki,5.07.0,DS,DS/72,,46.12,1,143
380,381,120,Roman NowińskiEwa Nowińska,2.02.0,KP,KP/50,,46.07,1,142
381,382,382,Jerzy HenkeRobert Królak,0.51.0,WM,WM/324,,46.0,1,141
382,383,381,Olgierd JurgielewiczRomuald Chodań,0.50.0,WM,WM/324,,45.98,1,140
383,384,84,Ewa ZiółkowskaKazimierz Wierzbowski,1.52.0,KP,KP/295,,45.93,1,139
384,385,150,Marian NieznańskiStanisław Kotas,7.05.0,LB,LB/429,,45.93,1,138
385,386,186,Marcin ZbrojaIgor Łobodziński,7.07.0,LD,LD/48,,45.92,1,137
386,387,94,Marian PiaseckiWanda Balawender-Czynsz,2.02.5,KP,KP/295,,45.82,1,136
387,388,355,Wojciech OkrzesikMateusz Bakalarski,2.52.0,SL,SL/106,,45.74,1,135
388,389,74,Andrzej MitkaIgor Smyk,4.03.0,KP,KP/289,,45.65,1,134
389,390,398,Halina PodleckaLucyna Krutelewicz,2.54.0,WM,WM/446,,45.57,1,133
390,391,280,Lilianna Rzechorzek-UrbaniakJan Łodziana,1.51.5,OP,OP/401,0.0,45.57,1,132
391,392,158,Grzegorz PogodzińskiMirosław Markiewicz,5.02.5,LB,LB/49,,45.55,1,131
392,393,126,Lucyna GozdekMieczysław Romanowski,2.02.5,KP,KP/50,,45.52,1,130
393,394,243,Wiesław OlszewskiMarek Jaroszkiewicz,2.53.0,MA,MA/262,,45.51,1,129
394,395,377,Cecylia SienkiewiczMaria Piłat,0.50.5,WM,WM/324,,45.45,1,128
395,396,409,Jan KalickiWiesław Świderski,4.02.5,WP,WP/120,,45.41,1,127
396,397,467,Lidia GapińskaMarek Gapiński,2.52.5,WP,WP/439,,45.41,1,126
397,398,181,Piotr SzczecińskiGrzegorz Wasiak,4.01.5,LD,LD/257,,45.41,1,125
398,399,102,Cezary MiodyńskiWiesław Gorczewski,1.53.0,KP,KP/353,,45.19,1,124
399,400,286,Marek GóreckiJózef Drążek,0.50.5,OP,OP/401,,45.14,1,123
400,401,471,Mirosława MiętkiewskaTomasz Powęzka,3.02.0,WP,WP/439,,45.1,1,122
401,402,492,Bolesław AleksandrowiczMarek Leś,2.02.0,ZP,ZP/359,,45.06,1,121
402,403,171,Ireneusz RóżyckiRobert Czernecki,5.02.5,LD,LD/257,,45.01,1,120
403,404,59,Edward BudziakCzesław Wlazło,0.00.0,,KP/125,,44.96,1,119
404,405,145,Franciszek RadwanJózef Żarski,2.53.0,LB,LB/429,,44.96,1,118
405,406,200,Sławomir RuteckiTadeusz Birecki,7.05.0,LB,LU/265,,44.91,1,117
406,407,359,Roman ZielińskiIreneusz Górski,0.00.0,SL,SL/106,,44.65,1,116
407,408,477,Edward KaczmarekMirosław Sankiewicz,9.05.0,ZP,ZP/116,,44.65,1,115
408,409,71,Mieczysław RejniakBogusz Nalazek,3.07.0,KP,KP/289,,44.62,1,114
409,410,479,Krzysztof OrzechowskiHenryk Pakuła,5.05.0,ZP,ZP/116,,44.56,1,113
410,411,195,Zdzisław DolataZbigniew Ćwiertniak,3.01.5,LB,LU/265,,44.53,1,112
411,412,92,Zygmunt BartoszewskiWacław Humienny,0.00.0,,KP/295,,44.5,1,111
412,413,14,Marian GołąbekWiesław Kozieł,2.02.5,DS,DS/269,,44.5,1,110
413,414,369,Bogdan PietkiewiczJózef Kuczak,3.01.0,WM,WM/132,,44.48,1,109
414,415,432,Janina WinnowiczAndrzej Winnowicz,5.05.0,WP,WP/417,,44.39,1,108
415,416,37,Tomasz PawlikSławomir Zagórski,1.03.0,DS,DS/437,,44.35,1,107
416,417,337,Szczepan ChruścickiDariusz Wiktorko,5.02.0,PM,PM/102,,44.22,1,106
417,418,57,Małgorzata NiedzielskaTomasz Niedzielski,0.00.0,KP,KP/125,,44.2,1,105
418,419,497,Danuta SkowronekRoman Pawłowski,2.52.5,ZP,ZP/375,,44.05,1,104
419,420,31,Marek BroschKazimierz Komorowicz,1.54.0,DS,DS/437,,43.98,1,103
420,421,391,Henryk BałtronowiczJan Warda,2.02.0,WM,WM/446,,43.97,1,102
421,422,350,Krzysztof GacekJerzy Miś,4.05.0,SL,SL/106,,43.96,1,101
422,423,148,Henryk WichrowskiCzesław Niewiarowski,3.03.0,LB,LB/429,,43.9,1,100
423,424,113,Włodzimierz MaćkowskiBogdan Podgajny,2.50.0,KP,KP/50,,43.9,1,99
424,425,25,Anna GórskaMarta Walczyk,1.01.0,DS,DS/437,,43.86,1,98
425,426,444,Włodzimierz KwiatkowskiBarbara Podgórska,12.05.0,WP,WP/439,,43.83,1,97
426,427,263,Jerzy VertumStanisław Kraszewski,0.51.0,MA,MA/384,,43.79,1,96
427,428,371,Tadeusz LisowskiAndrzej Skoczylas,2.01.5,WM,WM/132,,43.77,1,95
428,429,474,Tadeusz DziadykiewiczAdam Meller,2.55.0,WP,WP/439,,43.62,1,94
429,430,65,Brunon KaczmarekTadeusz Nitka,1.00.0,KP,KP/125,,43.52,1,93
430,431,289,Zbigniew GadekMichał Bobrykow,2.53.0,PD,PD/431,,43.48,1,92
431,432,262,Karol ZielińskiMarek Wajs,0.00.0,MA,MA/384,,43.43,1,91
432,433,233,Mariusz MączewskiRadosław Rozman,2.52.5,MA,MA/262,,43.37,1,90
433,434,166,Zbyszek RatajczakZygmunt Pasterski,2.50.0,LD,LD/119,,43.26,1,89
434,435,132,Robert KomarDariusz Forycki,3.02.5,LB,LB/263,,43.24,1,88
435,436,358,Pietro VinciJerzy Rebajn,1.54.0,SL,SL/106,,43.15,1,87
436,437,521,Hanna ZembrzuskaTomasz Jakóbczak,9.05.0,ZP,ZP/452,,43.11,1,86
437,438,475,Robert KempkaPiotr Łagoda,1.51.5,WP,WP/439,,43.08,1,85
438,439,510,Władysława GrzegorczykRyszard Soroko,0.00.0,0,ZP/433,,43.03,1,84
439,440,69,Edward GuziołekKrzysztof Stodólny,1.51.5,KP,KP/289,,43.02,1,83
440,441,141,Agnieszka ZiomekSkarbimir Kozar,2.05.0,LB,LB/429,,43.01,1,82
441,442,199,Franciszek BułyszkoZbigniew Józefiak,4.05.0,LB,LU/265,,43.0,1,81
442,443,298,Sławomir BolestaPavel Klebanovich,9.05.0,PD,PD/431,,42.87,1,80
443,444,418,Ewa SumińskaMirosław Grobelkiewicz,0.03.0,WP,WP/293,,42.78,1,79
444,445,339,Łukasz GackowskiStefan Pawlęty,2.02.5,PM,PM/129,,42.75,1,78
445,446,281,Arkadiusz MazurHenryk Przybylski,0.04.0,OP,OP/401,,42.72,1,77
446,447,343,Mirosław BajStanisław Sawicki,0.00.0,PM,PM/129,,42.69,1,76
447,448,408,Tomasz MielcarekFranciszek Szklennik,4.01.5,WP,WP/120,,42.63,1,75
448,449,436,Jan JarmużPiotr Stefański,5.05.0,WP,WP/417,,42.57,1,74
449,450,144,Wacław KaczmarekWojciech Felsztyński,1.01.5,LB,LB/429,,42.57,1,73
450,451,366,Ryszard SmoczyńskiJan Kijko,3.03.0,WM,WM/132,,42.43,1,72
451,452,518,Genowefa GrenikJolanta Kędzierska,0.00.5,ZP,ZP/433,,42.37,1,71
452,453,162,Sławomir PawłowskiBogusław Świeżawski,2.01.5,LD,LD/119,,42.22,1,70
453,454,282,Małgorzata Ryś NowakIzabela Cielenkiewicz,0.00.0,,OP/401,,42.07,1,69
454,455,460,Wiesław RakowskiJolanta Materniak,1.52.5,WP,WP/439,,42.06,1,68
455,456,97,Henryk KomodzińskiMarek Nicewicz,1.52.0,KP,KP/295,,41.98,1,67
456,457,245,Anna SladekKatarzyna Pogłód,0.51.0,MA,MA/262,,41.9,1,66
457,458,106,Piotr TęgowskiMarian Marciniak,0.00.0,KP,KP/353,,41.87,1,65
458,459,386,Wiesława NawojczykAndrzej Michalczyk,0.50.5,WM,WM/324,,41.79,1,64
459,460,117,Zbigniew MossakowskiKarol Nowak,4.03.0,KP,KP/50,,41.59,1,63
460,461,7,Mirosław BryndziaEugeniusz Hładyszewski,1.02.0,DS,DS/136,,41.57,1,62
461,462,135,Zbigniew PietrzakWładysław Biernat,1.54.0,LB,LB/263,,41.54,1,61
462,463,331,Wojciech LigmanCyprian Morawski,2.51.5,PMSL,PM/102,,41.34,1,60
463,464,519,Andrzej DolińskiAniela Jarnutowska,0.00.5,0ZP,ZP/433,,41.24,1,59
464,465,33,Zdzisław KucStanisław Greszta,1.52.5,DS,DS/437,,41.12,1,58
465,466,236,Beata RożekMarta Jakubisiak,0.00.0,MA,MA/262,,41.1,1,57
466,467,411,Hanna KulikowskaWiesław Kulikowski,1.01.5,WP,WP/120,,40.96,1,56
467,468,506,Ryszard ĆwierzHenryk Cieśla,1.04.0,ZP,ZP/430,,40.8,1,55
468,469,447,Zbigniew KaczorowskiWojciech Witkowski,3.02.5,WP,WP/439,,40.73,1,54
469,470,90,Andrzej JaniszewskiElżbieta Janiszewska,0.00.0,,KP/295,,40.71,1,53
470,471,32,Zbigniew SosnaAndrzej Suchodolski,4.05.0,DS,DS/437,,40.63,1,52
471,472,258,Andrzej CylkeAndrzej Wądołowski,0.05.0,MA,MA/321,,40.49,1,51
472,473,83,Aleksandra RóżańskaMarek Wyżlic,2.02.5,KP,KP/295,,40.37,1,50
473,474,155,Barbara SorokoZdzisława Krzyżańska,3.01.5,LB,LB/49,,40.35,1,49
474,475,165,Sławomir GomulakJerzy Zieliński,1.00.0,LD,LD/119,,40.3,1,48
475,476,98,Maciej KorzeniowskiLudwik Jurzysta,0.01.0,KP,KP/295,,40.27,1,47
476,477,393,Barbara PietruszkaGrażyna Piszczek,2.01.5,WM,WM/446,,40.24,1,46
477,478,212,Artur RusinekBernard Żenkin,0.01.5,LUSW,LU/96,,40.13,1,45
478,479,178,Marian WojtasińskiBogusław Jakóbczyk,2.05.0,LDPM,LD/257,,40.08,1,44
479,480,190,Jacek SzkupJerzy Gaworczyk,5.05.0,LD,LD/48,,40.04,1,43
480,481,72,Zenon GajkowskiHenryk Nowak,0.50.5,KP,KP/289,,39.96,1,42
481,482,244,Svetlana GudkovaMałgorzata Olborska,1.01.0,MA,MA/262,,39.94,1,41
482,483,101,Zbigniew NowakowskiJan Berent,1.50.0,KP,KP/353,,39.9,1,40
483,484,138,Zbigniew KaszkowiakAndrzej Skrzydło,1.53.0,LB,LB/263,,39.68,1,39
484,485,8,Bogdan SadowskiStanisław Gołdyn,1.52.0,DS,DS/136,,39.61,1,38
485,486,480,Bogdan WilińskiKazimierz Wiliński,1.57.0,ZP,ZP/116,,39.48,1,37
486,487,490,Robert KirlejzaWiesław Jarmułowicz,0.01.5,ZP,ZP/359,,39.36,1,36
487,488,214,Tomasz WolfkeDariusz Płoszaj,3.02.0,MA,MA/126,,39.28,1,35
488,489,509,Bogdan TrzycieckiSławomir Dąbrowski,0.50.5,ZP,ZP/433,,39.19,1,34
489,490,136,Andrzej ŁysakowskiKrzysztof Bak,1.52.0,LB,LB/263,,38.82,1,33
490,491,424,Elżbieta SzałasWaldemar Czajkowski,1.02.0,WP,WP/293,,38.77,1,32
491,492,187,Stanisław ZbrojaLesław Pyda,1.01.0,LD,LD/48,,38.43,1,31
492,493,335,Jarosław JaworskiEwa Jaworska,2.50.5,PM,PM/102,,38.4,1,30
493,494,446,Janusz ZabackiKrzysztof Galubiński,2.03.0,WP,WP/439,,38.37,1,29
494,495,529,Jerzy StańczykMaciej Zembrzuski,5.07.0,ZP,ZP/452,,38.28,1,28
495,496,383,Grażyna ĆwiekPaweł Czacharowski,0.52.0,WM,WM/324,,38.25,1,27
496,497,128,Zbigniew JędrkiewiczEdward Poselt,0.00.0,KP,KP/50,,38.17,1,26
497,498,332,Szymon GrabalaAdam Nagórny,1.51.0,PM,PM/102,,38.08,1,25
498,499,488,Zdzisław SewrukJan Kolczyński,0.00.0,,ZP/359,,38.04,1,24
499,500,402,Leszek OstrowskiAlina Gudecka,2.03.0,WM,WM/446,,37.87,1,23
500,501,528,Bogumiła KuryjZygmunt Żmuda-Trzebiatowski,1.51.5,ZP,ZP/452,,37.67,1,22
501,502,308,Kazimierz KawaWanda Kawa,1.51.5,PK,PK/118,,37.57,1,21
502,503,505,Tadeusz KwiatkowskiJózef Kubinowski,3.00.0,ZP,ZP/430,,37.33,1,20
503,504,227,Krystyna GoreńTamara Cesarz,1.52.0,MA,MA/262,,37.27,1,19
504,505,399,Grażyna BlechZdzisław Cimaszkiewicz,1.54.0,WM,WM/446,,37.13,1,18
505,506,27,Marek FilakZbigniew Moczarski,0.00.0,,DS/437,,36.97,1,17
506,507,419,Jacek PiechowiakMieczysław Głowacki,2.00.0,WP,WP/293,,36.95,1,16
507,508,219,Stanisław KoziełPiotr Łukawski,0.00.0,MA,MA/126,,36.85,1,15
508,509,526,Beata SzczepańskaEligiusz Śmieja,1.52.0,ZP,ZP/452,,36.72,1,14
509,510,118,Zygfryd BurzyńskiHenryk Adamski,0.00.5,KP,KP/50,,36.19,1,13
510,511,192,Maciej MaciołekMichał Maciołek,2.02.0,LD,LD/48,,36.14,1,12
511,512,452,Marian KanikowskiJanusz Kopras,3.04.0,WP,WP/439,,36.05,1,11
512,513,4,Joanna NeuburgerEdward Neuburger,0.51.0,DS,DS/136,,35.97,1,10
513,514,206,Sławomir PłatekHalina Szarafin,0.50.5,LU,LU/96,,35.76,1,9
514,515,23,Krystyna KozikMirosława Stachura,0.51.0,DS,DS/269,,35.09,1,8
515,516,46,Andrzej WyrzykowskiEugeniusz Swendrowski,2.52.0,DS,DS/72,,34.74,1,7
516,517,438,Leszek GrzelakStanisław Kowalczewski,0.01.5,WP,WP/417,,34.02,1,6
517,518,271,Jerzy SłomskiJolanta Wiśniewska,2.54.0,MA,MA/65,,33.67,1,5
518,519,356,Leszek ZielińskiJanusz Bakalarz,4.00.5,SL,SL/106,,32.97,1,4
519,520,361,Natalia FręchowiczJan Luber,0.00.0,SL,SL/106,,31.28,1,3
520,521,109,Wincenty TęgowskiPaweł Jankiewicz,0.00.0,KP,KP/353,,31.06,1,2
521,522,249,Małgorzata SkowrońskaMatylda Brzyzka,0.00.0,MA,MA/262,,24.82,1,1
